project,type,rank,path,width,height,score
1004 Cardinal,hero,1,"1004 Cardinal/Photo Mar 08 2024, 11 59 05 AM (30).jpg",6000,4000,252.50
1004 Cardinal,gallery,1,"1004 Cardinal/Photo Mar 08 2024, 11 59 05 AM (26).jpg",6000,4000,252.50
1004 Cardinal,gallery,2,"1004 Cardinal/Photo Mar 08 2024, 11 59 05 AM (4).jpg",6000,4000,252.50
1004 Cardinal,gallery,3,"1004 Cardinal/Photo Mar 08 2024, 11 59 05 AM (10).jpg",6000,4000,252.50
1004 Cardinal,gallery,4,"1004 Cardinal/Photo Mar 08 2024, 11 59 05 AM (8).jpg",6000,4000,252.50
1004 Cardinal,gallery,5,"1004 Cardinal/Photo Mar 08 2024, 11 59 05 AM (11).jpg",6000,4000,252.50
1004 Cardinal,gallery,6,"1004 Cardinal/Photo Mar 08 2024, 11 59 05 AM (9).jpg",6000,4000,252.50
1004 Cardinal,gallery,7,"1004 Cardinal/Photo Mar 08 2024, 11 59 05 AM (5).jpg",6000,4000,252.50
1004 Cardinal,gallery,8,"1004 Cardinal/Photo Mar 08 2024, 11 59 05 AM (27).jpg",6000,4000,252.50
1300 roxkliff,hero,1,"1300 roxkliff/Photo Mar 23 2021, 3 30 33 PM.jpg",4032,3024,135.93
1300 roxkliff,gallery,1,"1300 roxkliff/Photo Mar 23 2021, 3 29 12 PM.jpg",4032,3024,135.93
1300 roxkliff,gallery,2,"1300 roxkliff/Photo Mar 23 2021, 3 29 36 PM.jpg",4032,3024,135.93
1300 roxkliff,gallery,3,"1300 roxkliff/Photo Mar 23 2021, 3 29 38 PM.jpg",4032,3024,135.93
1300 roxkliff,gallery,4,"1300 roxkliff/Photo Mar 04 2022, 5 21 11 AM.jpg",3000,2000,74.00
1300 roxkliff,gallery,5,"1300 roxkliff/Photo Mar 04 2022, 5 25 59 AM.jpg",3000,2000,74.00
1300 roxkliff,gallery,6,"1300 roxkliff/Photo Mar 04 2022, 5 22 08 AM.jpg",3000,2000,74.00
1300 roxkliff,gallery,7,"1300 roxkliff/Photo Mar 04 2022, 7 31 21 AM.jpg",3000,2000,74.00
1300 roxkliff,gallery,8,"1300 roxkliff/Photo Mar 04 2022, 5 09 12 AM.jpg",3000,2000,74.00
1930 bickers,hero,1,"1930 bickers/Photo Feb 02 2024, 2 12 35 PM.jpg",4032,3024,135.93
1930 bickers,gallery,1,"1930 bickers/Photo Feb 02 2024, 1 37 19 PM.jpg",4032,3024,135.93
1930 bickers,gallery,2,"1930 bickers/Photo Feb 02 2024, 1 56 14 PM.jpg",4032,3024,135.93
1930 bickers,gallery,3,"1930 bickers/Photo Feb 02 2024, 2 16 12 PM.jpg",4032,3024,135.93
1930 bickers,gallery,4,"1930 bickers/Photo Sep 06 2023, 12 09 01 PM.jpg",4032,3024,135.93
1930 bickers,gallery,5,"1930 bickers/Photo Feb 05 2024, 12 13 26 PM.jpg",4032,3024,135.93
1930 bickers,gallery,6,"1930 bickers/Photo Feb 02 2024, 1 37 40 PM.jpg",4032,3024,135.93
1930 bickers,gallery,7,"1930 bickers/Photo Feb 05 2024, 12 14 41 PM.jpg",4032,3024,135.93
1930 bickers,gallery,8,"1930 bickers/Photo Sep 06 2023, 12 13 14 PM.jpg",4032,3024,135.93
3724 Bickers,hero,1,"3724 Bickers/Photo Feb 17 2022, 12 23 34 PM.jpg",3000,2000,74.00
3724 Bickers,gallery,1,"3724 Bickers/Photo Feb 17 2022, 12 12 11 PM.jpg",3000,2000,74.00
3724 Bickers,gallery,2,"3724 Bickers/Photo Feb 17 2022, 12 15 07 PM.jpg",3000,2000,74.00
3724 Bickers,gallery,3,"3724 Bickers/Photo Feb 17 2022, 12 21 25 PM.jpg",3000,2000,74.00
3724 Bickers,gallery,4,"3724 Bickers/Photo Feb 17 2022, 12 31 10 PM.jpg",3000,2000,74.00
3724 Bickers,gallery,5,"3724 Bickers/Photo Feb 17 2022, 12 13 21 PM.jpg",3000,2000,74.00
3724 Bickers,gallery,6,"3724 Bickers/Photo Feb 17 2022, 12 25 26 PM.jpg",3000,2000,74.00
3724 Bickers,gallery,7,"3724 Bickers/Photo Feb 17 2022, 12 30 36 PM.jpg",3000,2000,74.00
3724 Bickers,gallery,8,"3724 Bickers/Photo Feb 17 2022, 12 14 33 PM.jpg",3000,2000,74.00
7304 Bob Hanger,hero,1,"7304 Bob Hanger/Photo Nov 05 2022, 11 53 03 AM.jpg",4032,3024,135.93
7304 Bob Hanger,gallery,1,"7304 Bob Hanger/Photo Sep 28 2022, 10 34 51 AM.jpg",4032,3024,135.93
7304 Bob Hanger,gallery,2,"7304 Bob Hanger/Photo Nov 05 2022, 11 52 21 AM.jpg",4032,3024,135.93
7304 Bob Hanger,gallery,3,"7304 Bob Hanger/Photo Nov 05 2022, 11 52 31 AM.jpg",4032,3024,135.93
7304 Bob Hanger,gallery,4,"7304 Bob Hanger/Photo Nov 05 2022, 11 51 59 AM.jpg",4032,3024,135.93
7304 Bob Hanger,gallery,5,"7304 Bob Hanger/Photo Nov 05 2022, 11 48 12 AM.jpg",4032,3024,135.93
7304 Bob Hanger,gallery,6,"7304 Bob Hanger/Photo Nov 05 2022, 11 50 41 AM.jpg",4032,3024,135.93
7304 Bob Hanger,gallery,7,"7304 Bob Hanger/Photo Nov 05 2022, 11 48 36 AM.jpg",4032,3024,135.93
7304 Bob Hanger,gallery,8,"7304 Bob Hanger/Photo Nov 05 2022, 11 51 43 AM.jpg",4032,3024,135.93
7308 bob hanger,hero,1,"7308 bob hanger/Photo Mar 13 2023, 4 03 18 PM.jpg",6016,4018,255.72
7308 bob hanger,gallery,1,"7308 bob hanger/Photo Mar 13 2023, 4 09 49 PM.jpg",6014,4017,255.58
7308 bob hanger,gallery,2,"7308 bob hanger/Photo Mar 13 2023, 4 21 18 PM.jpg",6011,4015,255.34
7308 bob hanger,gallery,3,"7308 bob hanger/Photo Mar 13 2023, 4 20 18 PM.jpg",6011,4015,255.34
7308 bob hanger,gallery,4,"7308 bob hanger/Photo Mar 13 2023, 4 14 00 PM.jpg",6010,4014,255.24
7308 bob hanger,gallery,5,"7308 bob hanger/Photo Mar 13 2023, 3 54 53 PM.jpg",6010,4014,255.24
7308 bob hanger,gallery,6,"7308 bob hanger/Photo Mar 13 2023, 4 12 19 PM.jpg",6009,4013,255.14
7308 bob hanger,gallery,7,"7308 bob hanger/Photo Mar 13 2023, 3 20 32 PM.jpg",6008,4013,255.10
7308 bob hanger,gallery,8,"7308 bob hanger/Photo Mar 13 2023, 4 06 29 PM.jpg",6008,4013,255.10
802 mango,hero,1,"802 mango/Photo May 17 2023, 12 33 16 PM.jpg",6017,4011,255.34
802 mango,gallery,1,"802 mango/Photo May 17 2023, 12 31 11 PM.jpg",6017,4011,255.34
802 mango,gallery,2,"802 mango/Photo May 17 2023, 11 52 14 AM.jpg",6016,4011,255.30
802 mango,gallery,3,"802 mango/Photo May 17 2023, 11 42 28 AM.jpg",6015,4010,255.20
802 mango,gallery,4,"802 mango/Photo May 17 2023, 11 50 06 AM.jpg",6008,4005,254.62
802 mango,gallery,5,"802 mango/Photo May 17 2023, 12 28 35 PM.jpg",6005,4003,254.38
802 mango,gallery,6,"802 mango/Photo May 17 2023, 11 44 07 AM.jpg",6002,4001,254.14
802 mango,gallery,7,"802 mango/Photo May 17 2023, 11 49 03 AM.jpg",6000,4000,254.00
802 mango,gallery,8,"802 mango/Photo May 17 2023, 12 24 49 PM.jpg",6000,4000,254.00
802 mango (1),hero,1,"802 mango (1)/7308 bob hanger/Photo Oct 26 2022, 8 23 56 AM.jpg",4032,3024,135.93
802 mango (1),gallery,1,"802 mango (1)/7308 bob hanger/Photo Sep 28 2022, 10 37 03 AM.jpg",4032,3024,135.93
802 mango (1),gallery,2,"802 mango (1)/7308 bob hanger/Photo Sep 28 2022, 10 38 57 AM.jpg",4032,3024,135.93
802 mango (1),gallery,3,"802 mango (1)/7308 bob hanger/Photo Oct 26 2022, 8 23 37 AM.jpg",4032,3024,135.93
802 mango (1),gallery,4,"802 mango (1)/7308 bob hanger/Photo Oct 26 2022, 8 23 54 AM.jpg",4032,3024,135.93
802 mango (1),gallery,5,"802 mango (1)/7308 bob hanger/Photo Sep 28 2022, 10 39 18 AM.jpg",4032,3024,135.93
802 mango (1),gallery,6,"802 mango (1)/7308 bob hanger/Photo Oct 26 2022, 8 24 09 AM.jpg",4032,3024,135.93
802 mango (1),gallery,7,"802 mango (1)/7308 bob hanger/Photo Sep 28 2022, 10 39 14 AM.jpg",4032,3024,135.93
802 mango (1),gallery,8,"802 mango (1)/7308 bob hanger/Photo Oct 26 2022, 8 24 17 AM.jpg",4032,3024,135.93
806 mango,hero,1,"806 mango/Photo Feb 10 2021, 1 30 09 PM.jpg",5980,3987,252.42
806 mango,gallery,1,"806 mango/Photo Feb 10 2021, 11 13 05 AM.jpg",5979,3986,252.32
806 mango,gallery,2,"806 mango/Photo Feb 10 2021, 10 37 36 AM.jpg",5978,3985,252.22
806 mango,gallery,3,"806 mango/Photo Feb 10 2021, 10 42 18 AM.jpg",5978,3985,252.22
806 mango,gallery,4,"806 mango/Photo Feb 10 2021, 1 29 31 PM.jpg",5977,3985,252.18
806 mango,gallery,5,"806 mango/Photo Feb 10 2021, 11 02 22 AM.jpg",5976,3984,252.08
806 mango,gallery,6,"806 mango/Photo Feb 10 2021, 10 43 54 AM.jpg",5976,3984,252.08
806 mango,gallery,7,"806 mango/Photo Feb 10 2021, 10 44 22 AM.jpg",5976,3984,252.08
806 mango,gallery,8,"806 mango/Photo Feb 10 2021, 11 11 58 AM.jpg",5975,3983,251.98
806 mango finales,hero,1,806 mango finales/806-mango-ct-coppell-tx-75019/images-for-web-or-mls/28-806Mango_028.jpg,2048,1365,41.96
806 mango finales,gallery,1,806 mango finales/806-mango-ct-coppell-tx-75019/images-for-web-or-mls/20-806Mango_020.jpg,2048,1365,41.96
806 mango finales,gallery,2,806 mango finales/806-mango-ct-coppell-tx-75019/images-for-web-or-mls/24-806Mango_024.jpg,2048,1365,41.96
806 mango finales,gallery,3,806 mango finales/806-mango-ct-coppell-tx-75019/images-for-web-or-mls/34-806Mango_034.jpg,2048,1365,41.96
806 mango finales,gallery,4,806 mango finales/806-mango-ct-coppell-tx-75019/images-for-web-or-mls/30-806Mango_030.jpg,2048,1365,41.96
806 mango finales,gallery,5,806 mango finales/806-mango-ct-coppell-tx-75019/images-for-web-or-mls/2-806Mango_002.jpg,2048,1365,41.96
806 mango finales,gallery,6,806 mango finales/806-mango-ct-coppell-tx-75019/images-for-web-or-mls/12-806Mango_012.jpg,2048,1365,41.96
806 mango finales,gallery,7,806 mango finales/806-mango-ct-coppell-tx-75019/images-for-web-or-mls/6-806Mango_006.jpg,2048,1365,41.96
806 mango finales,gallery,8,806 mango finales/806-mango-ct-coppell-tx-75019/images-for-web-or-mls/16-806Mango_016.jpg,2048,1365,41.96
Belt Line G.P.,hero,1,"Belt Line G.P./Photo Mar 08 2024, 1 13 26 PM.jpg",1024,684,-7.00
Belt Line G.P.,gallery,1,"Belt Line G.P./Photo Jul 23 2021, 10 45 04 AM.jpg",1024,684,-7.00
Belt Line G.P.,gallery,2,"Belt Line G.P./Photo Mar 08 2024, 1 13 26 PM (4) (1).jpg",1024,684,-8.50
Belt Line G.P.,gallery,3,"Belt Line G.P./Photo Mar 08 2024, 1 13 26 PM (7).jpg",1024,684,-8.50
Belt Line G.P.,gallery,4,"Belt Line G.P./Photo Mar 08 2024, 1 13 26 PM (6).jpg",1024,684,-8.50
Belt Line G.P.,gallery,5,"Belt Line G.P./Photo Mar 08 2024, 1 13 26 PM (1).jpg",1024,684,-8.50
Belt Line G.P.,gallery,6,"Belt Line G.P./Photo Mar 08 2024, 1 13 26 PM (11).jpg",1024,684,-8.50
Belt Line G.P.,gallery,7,"Belt Line G.P./Photo Mar 08 2024, 1 13 26 PM (10).jpg",1024,684,-8.50
Belt Line G.P.,gallery,8,"Belt Line G.P./Photo Mar 08 2024, 1 13 26 PM (13).jpg",1024,684,-8.50
bickers 2,hero,1,"bickers 2/Photo Mar 20 2024, 6 30 58 PM.png",5988,3992,253.04
bickers 2,gallery,1,"bickers 2/Photo Mar 20 2024, 6 30 58 PM (22).png",5988,3992,251.54
bickers 2,gallery,2,"bickers 2/Photo Mar 20 2024, 6 30 58 PM (8).png",5988,3992,251.54
bickers 2,gallery,3,"bickers 2/Photo Mar 20 2024, 6 30 58 PM (18).png",5988,3992,251.54
bickers 2,gallery,4,"bickers 2/Photo Mar 20 2024, 6 30 58 PM (4).png",5988,3992,251.54
bickers 2,gallery,5,"bickers 2/Photo Mar 20 2024, 6 30 58 PM (14).png",5988,3992,251.54
bickers 2,gallery,6,"bickers 2/Photo Mar 20 2024, 6 30 58 PM (5).png",5988,3992,251.54
bickers 2,gallery,7,"bickers 2/Photo Mar 20 2024, 6 30 58 PM (19).png",5988,3992,251.54
bickers 2,gallery,8,"bickers 2/Photo Mar 20 2024, 6 30 58 PM (9).png",5988,3992,251.54
brundette,hero,1,"brundette/Photo Nov 19 2024, 10 46 30 AM.jpg",5712,4284,258.70
brundette,gallery,1,"brundette/Photo Nov 19 2024, 10 46 32 AM.jpg",5712,4284,258.70
brundette,gallery,2,"brundette/Photo Nov 15 2024, 9 50 36 AM.jpg",4032,3024,135.93
brundette,gallery,3,"brundette/Photo Mar 17 2025, 12 42 15 PM.jpg",4032,3024,135.93
brundette,gallery,4,"brundette/Photo Mar 17 2025, 12 44 05 PM.jpg",4032,3024,135.93
brundette,gallery,5,"brundette/Photo Dec 16 2024, 11 20 12 AM.jpg",4032,3024,135.93
brundette,gallery,6,"brundette/Photo Mar 17 2025, 12 43 11 PM.jpg",4032,3024,135.93
brundette,gallery,7,"brundette/Photo Dec 06 2024, 12 30 13 PM.jpg",4032,3024,135.93
brundette,gallery,8,"brundette/Photo Nov 15 2024, 9 50 38 AM.jpg",4032,3024,135.93
brundette 2,hero,1,brundette 2/19-4031Brundrette_014.jpg,2048,1365,41.96
brundette 2,gallery,1,brundette 2/23-4031Brundrette_018.jpg,2048,1365,41.96
Crossman Duplex,hero,1,"Crossman Duplex/Photo Nov 27 2020, 1 46 00 PM.jpg",6000,4000,254.00
Crossman Duplex,gallery,1,"Crossman Duplex/Photo Nov 27 2020, 1 58 50 PM.jpg",6000,4000,254.00
Crossman Duplex,gallery,2,"Crossman Duplex/Photo Nov 27 2020, 2 13 10 PM.jpg",5979,3986,252.32
Crossman Duplex,gallery,3,"Crossman Duplex/Photo Nov 27 2020, 2 21 06 PM.jpg",5978,3985,252.22
Crossman Duplex,gallery,4,"Crossman Duplex/Photo Nov 27 2020, 1 37 53 PM.jpg",5978,3985,252.22
Crossman Duplex,gallery,5,"Crossman Duplex/Photo Nov 27 2020, 1 14 51 PM.jpg",5978,3985,252.22
Crossman Duplex,gallery,6,"Crossman Duplex/Photo Nov 27 2020, 2 18 53 PM.jpg",5977,3985,252.18
Crossman Duplex,gallery,7,"Crossman Duplex/Photo Nov 27 2020, 2 32 29 PM.jpg",5976,3984,252.08
Crossman Duplex,gallery,8,"Crossman Duplex/Photo Nov 27 2020, 1 30 09 PM.jpg",5976,3984,252.08
duplex,hero,1,duplex/0M8A0620.JPG,8192,5464,461.61
duplex,gallery,1,duplex/0M8A0595.JPG,8192,5464,461.61
duplex,gallery,2,duplex/0M8A0635.JPG,8192,5464,461.61
duplex,gallery,3,"duplex/Photo Aug 08 2025, 10 32 38 AM.jpg",8192,5464,461.61
duplex,gallery,4,duplex/0M8A0583.JPG,8192,5464,461.61
duplex,gallery,5,duplex/0M8A0592.JPG,8192,5464,461.61
duplex,gallery,6,duplex/0M8A0586.JPG,8192,5464,461.61
duplex,gallery,7,"duplex/Photo Aug 08 2025, 10 32 12 AM.jpg",8192,5464,461.61
duplex,gallery,8,duplex/0M8A0625.JPG,8192,5464,461.61
flora,hero,1,"flora/Photo Dec 19 2022, 5 18 11 PM.jpg",6000,4000,254.00
flora,gallery,1,"flora/Photo Dec 19 2022, 5 17 10 PM.jpg",6000,4000,254.00
flora,gallery,2,"flora/Photo Dec 19 2022, 5 17 49 PM.jpg",6000,4000,254.00
flora,gallery,3,"flora/Photo Dec 19 2022, 5 21 42 PM.jpg",6000,4000,254.00
flora,gallery,4,"flora/Photo Dec 19 2022, 5 20 27 PM.jpg",6000,4000,254.00
flora,gallery,5,"flora/Photo Dec 19 2022, 5 20 48 PM.jpg",6000,4000,254.00
flora,gallery,6,"flora/Photo Dec 19 2022, 5 16 16 PM.jpg",6000,4000,254.00
flora,gallery,7,"flora/Photo Dec 19 2022, 5 20 03 PM.jpg",6000,4000,254.00
flora,gallery,8,"flora/Photo Dec 19 2022, 5 19 17 PM.jpg",6000,4000,254.00
gallagher,hero,1,"gallagher/Photo Sep 19 2019, 2 34 26 PM.jpg",16378,3828,618.95
gallagher,gallery,1,"gallagher/Photo Sep 19 2019, 2 37 26 PM.jpg",8674,3860,342.82
gallagher,gallery,2,"gallagher/Photo Sep 19 2019, 3 14 38 PM.jpg",8302,3882,330.28
gallagher,gallery,3,"gallagher/Photo Sep 19 2019, 2 34 51 PM.jpg",7204,3916,296.11
gallagher,gallery,4,"gallagher/Photo Sep 19 2019, 2 35 18 PM.jpg",7032,3942,291.20
gallagher,gallery,5,"gallagher/Photo Sep 19 2019, 3 14 03 PM.jpg",6998,3864,284.40
gallagher,gallery,6,"gallagher/Photo Sep 19 2019, 2 34 39 PM.jpg",6575,3960,274.37
gallagher,gallery,7,"gallagher/Photo Sep 19 2019, 3 14 50 PM.jpg",6502,3930,269.53
gallagher,gallery,8,"gallagher/Photo Mar 08 2024, 11 26 06 AM.jpg",6048,4024,257.37
gallagher 2,hero,1,"gallagher 2/Photo Jun 14 2024, 11 29 03 AM.jpg",4032,3024,135.93
gallagher 2,gallery,1,"gallagher 2/Photo Jun 14 2024, 11 22 58 AM.jpg",4032,3024,135.93
gallagher 2,gallery,2,"gallagher 2/Photo Jun 14 2024, 11 32 02 AM.jpg",4032,3024,135.93
gallagher 2,gallery,3,"gallagher 2/Photo Jun 14 2024, 11 29 11 AM.jpg",4032,3024,135.93
gallagher 2,gallery,4,"gallagher 2/Photo Jun 14 2024, 11 17 54 AM.jpg",4032,3024,135.93
gallagher 2,gallery,5,"gallagher 2/Photo Jun 14 2024, 11 35 53 AM.jpg",4032,3024,135.93
gallagher 2,gallery,6,"gallagher 2/Photo Jun 14 2024, 11 25 05 AM.jpg",4032,3024,135.93
gallagher 2,gallery,7,"gallagher 2/Photo Jun 14 2024, 11 20 36 AM.jpg",4032,3024,135.93
gallagher 2,gallery,8,"gallagher 2/Photo Jun 14 2024, 11 34 28 AM.jpg",4032,3024,135.93
garland,hero,1,"garland/Photo Mar 10 2018, 2 05 19 PM.jpg",16382,3628,586.34
garland,gallery,1,"garland/Photo Mar 10 2018, 2 06 09 PM.jpg",14824,3702,540.78
garland,gallery,2,"garland/Photo Mar 10 2018, 2 05 49 PM.jpg",11478,3824,430.92
garland,gallery,3,"garland/Photo Mar 10 2018, 2 08 17 PM.jpg",5548,3884,229.48
garland,gallery,4,"garland/Photo Mar 10 2018, 2 07 32 PM.jpg",4584,3902,186.87
garland,gallery,5,"garland/Photo Mar 10 2018, 2 08 50 PM.jpg",3898,3990,149.53
garland,gallery,6,"garland/Photo Mar 10 2018, 2 04 43 PM.jpg",4032,3024,135.93
garland,gallery,7,"garland/Photo Nov 14 2017, 12 17 26 PM.jpg",4032,3024,135.93
garland,gallery,8,"garland/Photo Jan 14 2018, 12 47 18 PM.jpg",4032,3024,135.93
grand prairie,hero,1,"grand prairie/Photo Dec 07 2018, 5 08 39 PM.jpg",9256,3812,360.84
grand prairie,gallery,1,"grand prairie/Photo Dec 07 2018, 5 10 12 PM.jpg",9360,3760,359.94
grand prairie,gallery,2,"grand prairie/Photo Dec 07 2018, 5 08 14 PM.jpg",9018,3832,353.57
grand prairie,gallery,3,"grand prairie/Photo Dec 07 2018, 5 07 26 PM.jpg",8954,3802,348.43
grand prairie,gallery,4,"grand prairie/Photo Dec 07 2018, 5 06 42 PM.jpg",8306,3852,327.95
grand prairie,gallery,5,"grand prairie/Photo Dec 07 2018, 5 08 21 PM.jpg",8126,3702,308.82
grand prairie,gallery,6,"grand prairie/Photo Dec 07 2018, 5 07 47 PM.jpg",7126,3936,294.48
grand prairie,gallery,7,"grand prairie/Photo Dec 07 2018, 5 05 50 PM.jpg",4032,3024,135.93
grand prairie,gallery,8,"grand prairie/Photo Dec 07 2018, 5 06 26 PM.jpg",4032,3024,135.93
Meghan Lane,hero,1,"Meghan Lane/Photo Mar 08 2024, 1 18 54 PM.png",5985,3990,252.80
Meghan Lane,gallery,1,"Meghan Lane/Photo Mar 08 2024, 1 18 54 PM (7).png",5994,3996,252.02
Meghan Lane,gallery,2,"Meghan Lane/Photo Mar 08 2024, 1 18 54 PM (3).png",5991,3994,251.78
Meghan Lane,gallery,3,"Meghan Lane/Photo Mar 08 2024, 1 18 54 PM (13).png",5988,3992,251.54
Meghan Lane,gallery,4,"Meghan Lane/Photo Mar 08 2024, 1 18 54 PM (6).png",5988,3992,251.54
Meghan Lane,gallery,5,"Meghan Lane/Photo Mar 08 2024, 1 18 54 PM (25).png",5988,3992,251.54
Meghan Lane,gallery,6,"Meghan Lane/Photo Mar 08 2024, 1 18 54 PM (24).png",5988,3992,251.54
Meghan Lane,gallery,7,"Meghan Lane/Photo Mar 08 2024, 1 18 54 PM (12).png",5988,3992,251.54
Meghan Lane,gallery,8,"Meghan Lane/Photo Mar 08 2024, 1 18 54 PM (19).png",5988,3992,251.54
Peublo,hero,1,"Peublo/Photo Nov 23 2021, 5 22 37 PM.jpg",1600,1066,31.06
Peublo,gallery,1,"Peublo/Photo Nov 23 2021, 5 31 31 PM.jpg",1600,1066,31.06
Peublo,gallery,2,"Peublo/Photo Nov 23 2021, 5 04 07 PM.jpg",1600,1066,31.06
Peublo,gallery,3,"Peublo/Photo Nov 23 2021, 5 41 56 PM.jpg",1600,1066,31.06
Peublo,gallery,4,"Peublo/Photo Nov 23 2021, 5 02 33 PM.jpg",1600,1066,31.06
Peublo,gallery,5,"Peublo/Photo Nov 23 2021, 5 11 25 PM.jpg",1600,1066,31.06
Peublo,gallery,6,"Peublo/Photo Nov 23 2021, 5 37 42 PM.jpg",1600,1066,31.06
Peublo,gallery,7,"Peublo/Photo Nov 23 2021, 5 12 53 PM.jpg",1600,1066,31.06
Peublo,gallery,8,"Peublo/Photo Nov 23 2021, 5 36 07 PM.jpg",1600,1066,31.06
PremiumHomeDesign,hero,1,"PremiumHomeDesign/Photo Apr 02 2024, 1 30 43 PM.jpg",4032,3024,135.93
royal lane,hero,1,"royal lane/Photo Dec 05 2019, 1 47 05 PM.jpg",4032,3024,135.93
royal lane,gallery,1,"royal lane/Photo Sep 05 2019, 2 27 35 PM.jpg",4032,3024,135.93
royal lane,gallery,2,"royal lane/Photo Sep 05 2019, 2 27 29 PM.jpg",4032,3024,135.93
royal lane,gallery,3,"royal lane/Photo Sep 05 2019, 2 26 19 PM.jpg",4032,3024,135.93
royal lane,gallery,4,"royal lane/Photo Jan 23 2020, 10 09 49 AM.jpg",4032,3024,135.93
royal lane,gallery,5,"royal lane/Photo Nov 04 2019, 3 05 46 PM.jpg",4032,3024,135.93
royal lane,gallery,6,"royal lane/Photo Sep 05 2019, 2 26 18 PM.jpg",4032,3024,135.93
royal lane,gallery,7,"royal lane/Photo Jan 23 2020, 10 09 52 AM.jpg",4032,3024,135.93
royal lane,gallery,8,"royal lane/Photo Sep 05 2019, 2 26 57 PM.jpg",4032,3024,135.93
Standifer,hero,1,"Standifer/Photo Mar 08 2024, 1 22 11 PM.png",5988,3992,253.04
Standifer,gallery,1,"Standifer/Photo Mar 08 2024, 1 22 11 PM (32).png",5988,3992,251.54
Standifer,gallery,2,"Standifer/Photo Mar 08 2024, 1 22 11 PM (10) (1).png",5988,3992,251.54
Standifer,gallery,3,"Standifer/Photo Mar 08 2024, 1 22 11 PM (24).png",5988,3992,251.54
Standifer,gallery,4,"Standifer/Photo Mar 08 2024, 1 22 11 PM (2).png",5988,3992,251.54
Standifer,gallery,5,"Standifer/Photo Mar 08 2024, 1 22 11 PM (12).png",5988,3992,251.54
Standifer,gallery,6,"Standifer/Photo Mar 08 2024, 1 22 11 PM (28).png",5988,3992,251.54
Standifer,gallery,7,"Standifer/Photo Mar 08 2024, 1 22 11 PM (29).png",5988,3992,251.54
Standifer,gallery,8,"Standifer/Photo Mar 08 2024, 1 22 11 PM (13).png",5988,3992,251.54
